invoice_id,supplier_id,invoice_date,amount,currency,category,description
INV-001,SUP-001,2026-01-02,1200.10,GBP,Components,SYNTHETIC fixture - example order A
INV-002,SUP-002,2026-01-03,399.90,GBP,Components,SYNTHETIC fixture - example order B
INV-003,SUP-003,2026-01-04,50.00,GBP,Components,SYNTHETIC fixture - example order C
INV-004,SUP-001,2026-01-05,250.00,EUR,Components,SYNTHETIC fixture - alternate invoice currency
INV-005,SUP-004,2026-01-06,800.00,GBP,Services,SYNTHETIC fixture - separate similarly named business
INV-006,SUP-005,2026-01-07,1000.05,USD,Packaging,SYNTHETIC fixture - example order D
INV-007,SUP-006,2026-01-08,499.95,USD,Packaging,SYNTHETIC fixture - example order E
INV-008,SUP-007,2026-01-09,200.00,GBP,Office,SYNTHETIC fixture - unresolved supplier A
INV-009,SUP-008,2026-01-10,300.00,GBP,Office,SYNTHETIC fixture - unresolved supplier B
INV-010,SUP-009,2026-01-11,700.70,EUR,Tools,SYNTHETIC fixture - example order F
INV-011,SUP-010,2026-01-12,299.30,EUR,Tools,SYNTHETIC fixture - example order G
INV-002,SUP-002,2026-01-03,399.90,GBP,Components,SYNTHETIC fixture - example order B
